00:00:01,APRF030A,10,R,D,21,R,D,1,R,D,1,R,D,1,R,D,20,R,D,0,R,D,7264,R,D,No_Science_Data,E,D,Nom_Attenuation,E,D,4000,R,D,High_Band,E,D,0,R,D,500,R,D,0,R,D,0,R,D,0,R,D,0,R,D,0,R,D,300,R,D,100_Microseconds,E,D,300,R,D,2,R,D,1,R,D,0,R,D,20,R,D,0,R,D,3000,R,D,Science_Data,E,D,Nom_Attenuation,E,D,10000,R,D,High_Band,E,D,0,R,D,500,R,D,0,R,D,0,R,D,0,R,D,0,R,D,0,R,D,200,R,D,50_Microseconds,E,D,300,R,D,3,R,D,1,R,D,0,R,D,20,R,D,0,R,D,3000,R,D,Science_Data,E,D,Nom_Attenuation,E,D,10000,R,D,High_Band,E,D,0,R,D,500,R,D,0,R,D,0,R,D,0,R,D,0,R,D,0,R,D,200,R,D,50_Microseconds,E,D,300,R,D,
00:00:01,APRF030A,10,R,D,21,R,D,4,R,D,1,R,D,0,R,D,20,R,D,0,R,D,3000,R,D,Science_Data,E,D,Nom_Attenuation,E,D,10000,R,D,High_Band,E,D,0,R,D,500,R,D,0,R,D,0,R,D,0,R,D,0,R,D,0,R,D,200,R,D,50_Microseconds,E,D,300,R,D,5,R,D,1,R,D,0,R,D,20,R,D,0,R,D,3000,R,D,Science_Data,E,D,Nom_Attenuation,E,D,10000,R,D,High_Band,E,D,0,R,D,500,R,D,0,R,D,0,R,D,0,R,D,0,R,D,0,R,D,200,R,D,50_Microseconds,E,D,300,R,D,6,R,D,1,R,D,0,R,D,20,R,D,0,R,D,3000,R,D,Science_Data,E,D,Nom_Attenuation,E,D,10000,R,D,High_Band,E,D,0,R,D,500,R,D,0,R,D,0,R,D,0,R,D,0,R,D,0,R,D,200,R,D,50_Microseconds,E,D,300,R,D,
00:00:01,APRF030A,10,R,D,21,R,D,7,R,D,1,R,D,0,R,D,20,R,D,0,R,D,3000,R,D,Science_Data,E,D,Nom_Attenuation,E,D,10000,R,D,High_Band,E,D,0,R,D,500,R,D,0,R,D,0,R,D,0,R,D,0,R,D,0,R,D,200,R,D,50_Microseconds,E,D,300,R,D,8,R,D,1,R,D,0,R,D,20,R,D,0,R,D,3000,R,D,Science_Data,E,D,Nom_Attenuation,E,D,10000,R,D,High_Band,E,D,0,R,D,500,R,D,0,R,D,0,R,D,0,R,D,0,R,D,0,R,D,200,R,D,50_Microseconds,E,D,300,R,D,9,R,D,1,R,D,0,R,D,20,R,D,0,R,D,3000,R,D,Science_Data,E,D,Nom_Attenuation,E,D,10000,R,D,High_Band,E,D,0,R,D,500,R,D,0,R,D,0,R,D,0,R,D,0,R,D,0,R,D,200,R,D,50_Microseconds,E,D,300,R,D,
00:00:01,APRF030A,10,R,D,21,R,D,10,R,D,1,R,D,0,R,D,20,R,D,0,R,D,3000,R,D,Science_Data,E,D,Nom_Attenuation,E,D,10000,R,D,High_Band,E,D,0,R,D,500,R,D,0,R,D,0,R,D,0,R,D,0,R,D,0,R,D,200,R,D,50_Microseconds,E,D,300,R,D,11,R,D,1,R,D,0,R,D,20,R,D,0,R,D,3000,R,D,Science_Data,E,D,Nom_Attenuation,E,D,10000,R,D,High_Band,E,D,0,R,D,500,R,D,0,R,D,0,R,D,0,R,D,0,R,D,0,R,D,200,R,D,50_Microseconds,E,D,300,R,D,12,R,D,1,R,D,0,R,D,20,R,D,0,R,D,3000,R,D,Science_Data,E,D,Nom_Attenuation,E,D,10000,R,D,High_Band,E,D,0,R,D,500,R,D,0,R,D,0,R,D,0,R,D,0,R,D,0,R,D,200,R,D,50_Microseconds,E,D,300,R,D,
00:00:01,APRF030A,10,R,D,21,R,D,13,R,D,1,R,D,0,R,D,20,R,D,0,R,D,3000,R,D,Science_Data,E,D,Nom_Attenuation,E,D,10000,R,D,High_Band,E,D,0,R,D,500,R,D,0,R,D,0,R,D,0,R,D,0,R,D,0,R,D,200,R,D,50_Microseconds,E,D,300,R,D,14,R,D,1,R,D,0,R,D,20,R,D,0,R,D,3000,R,D,Science_Data,E,D,Nom_Attenuation,E,D,10000,R,D,High_Band,E,D,0,R,D,500,R,D,0,R,D,0,R,D,0,R,D,0,R,D,0,R,D,200,R,D,50_Microseconds,E,D,300,R,D,15,R,D,1,R,D,0,R,D,20,R,D,0,R,D,3000,R,D,Science_Data,E,D,Nom_Attenuation,E,D,10000,R,D,High_Band,E,D,0,R,D,500,R,D,0,R,D,0,R,D,0,R,D,0,R,D,0,R,D,200,R,D,50_Microseconds,E,D,300,R,D,
00:00:01,APRF030A,10,R,D,21,R,D,16,R,D,1,R,D,0,R,D,20,R,D,0,R,D,3000,R,D,Science_Data,E,D,Nom_Attenuation,E,D,10000,R,D,High_Band,E,D,0,R,D,500,R,D,0,R,D,0,R,D,0,R,D,0,R,D,0,R,D,200,R,D,50_Microseconds,E,D,300,R,D,17,R,D,1,R,D,0,R,D,20,R,D,0,R,D,3000,R,D,Science_Data,E,D,Nom_Attenuation,E,D,10000,R,D,High_Band,E,D,0,R,D,500,R,D,0,R,D,0,R,D,0,R,D,0,R,D,0,R,D,200,R,D,50_Microseconds,E,D,300,R,D,18,R,D,1,R,D,0,R,D,20,R,D,0,R,D,3000,R,D,Science_Data,E,D,Nom_Attenuation,E,D,10000,R,D,High_Band,E,D,0,R,D,500,R,D,0,R,D,0,R,D,0,R,D,0,R,D,0,R,D,200,R,D,50_Microseconds,E,D,300,R,D,
00:00:01,APRF030A,10,R,D,21,R,D,19,R,D,1,R,D,0,R,D,20,R,D,0,R,D,3000,R,D,Science_Data,E,D,Nom_Attenuation,E,D,10000,R,D,High_Band,E,D,0,R,D,500,R,D,0,R,D,0,R,D,0,R,D,0,R,D,0,R,D,200,R,D,50_Microseconds,E,D,300,R,D,20,R,D,1,R,D,0,R,D,20,R,D,0,R,D,3000,R,D,Science_Data,E,D,Nom_Attenuation,E,D,10000,R,D,High_Band,E,D,0,R,D,500,R,D,0,R,D,0,R,D,0,R,D,0,R,D,0,R,D,200,R,D,50_Microseconds,E,D,300,R,D,21,R,D,1,R,D,1,R,D,20,R,D,0,R,D,2000,R,D,No_Science_Data,E,D,Nom_Attenuation,E,D,4000,R,D,High_Band,E,D,0,R,D,500,R,D,0,R,D,0,R,D,0,R,D,0,R,D,0,R,D,300,R,D,100_Microseconds,E,D,300,R,D,